{
    "Return": 0,
    "Results": {
        "CKD": {
            "\u6655\u53a5\u548c\u865a\u8131": 0.00101759117587749,
            "\u5bab\u9888\u764c\u7684\u7b5b\u67e5": 0.00184815536627073,
            "\u9752\u9709\u7d20\u7c7b": 0.0015421228470075,
            "\u785d\u57fa\u544b\u5583\u884d\u751f\u7269": 0.00101717876120361,
            "\u5e38\u89c4\u5168\u8eab\u4f53\u68c0\u5728\u533b\u7597\u4fdd\u5065\u8bbe\u65bd": 0.00299403371389811,
            "\u5176\u4ed6\u4e0d\u6b63\u5e38\u7684\u8840\u6db2\u5316\u5b66": 0.00504392270095857,
            "\u5e38\u89c4\u5987\u79d1\u68c0\u67e5": 0.00125691661177246,
            "\u75bc\u75db\u5173\u8282\uff0c\u8e1d\u5173\u8282\u53ca\u8db3": 0.00147612711761298
        },
        "CHD": {
            "\u6655\u53a5\u548c\u865a\u8131": 0.00178866612691625,
            "\u5bab\u9888\u764c\u7684\u7b5b\u67e5": 0.00152660801503588,
            "\u5c3f\u8def\u7684\u9ebb\u9189/\u9547\u75db\u5242\uff08\u5076\u6c2e\u67d3\u6599\uff09": 0.00109822540746687,
            "\u9752\u9709\u7d20\u7c7b": 0.0023422907043679,
            "\u785d\u57fa\u544b\u5583\u884d\u751f\u7269": 0.00145788400018601,
            "\u5e38\u89c4\u5168\u8eab\u4f53\u68c0\u5728\u533b\u7597\u4fdd\u5065\u8bbe\u65bd": 0.00372015719837508,
            "\u5176\u4ed6\u4e0d\u6b63\u5e38\u7684\u8840\u6db2\u5316\u5b66": 0.00179513303062487,
            "\u5e38\u89c4\u5987\u79d1\u68c0\u67e5": 0.00168934484673795
        },
        "COPD": {
            "\u6655\u53a5\u548c\u865a\u8131": 0.00101763080150353,
            "\u5bab\u9888\u764c\u7684\u7b5b\u67e5": 0.00222163493150089,
            "\u9752\u9709\u7d20\u7c7b": 0.00286566312159303,
            "\u672a\u6307\u5b9a\u7684\u80c3\u708e\u53ca\u80c3\u5341\u4e8c\u6307\u80a0\u708e\uff0c\u672a\u63d0\u53ca\u51fa\u8840": 0.00198849089781631,
            "\u819d\u5173\u8282\uff0c\u5c0f\u817f\uff0c\u8e1d\u5173\u8282\u548c\u811a\u53d7\u4f24": 0.00109798668045615,
            "\u5e38\u89c4\u5168\u8eab\u4f53\u68c0\u5728\u533b\u7597\u4fdd\u5065\u8bbe\u65bd": 0.00309697608082403,
            "\u53e3\u670d\u907f\u5b55\u836f": 0.00116581036137036,
            "\u785d\u57fa\u544b\u5583\u884d\u751f\u7269": 0.00121088973696488,
            "\u5176\u4ed6\u4e0d\u6b63\u5e38\u7684\u8840\u6db2\u5316\u5b66": 0.00101232553997491,
            "\u5e38\u89c4\u5987\u79d1\u68c0\u67e5": 0.00179164071692593
        },
        "Hyperlipidemia": {
            "\u6655\u53a5\u548c\u865a\u8131": 0.00153320964247522,
            "\u785d\u57fa\u544b\u5583\u884d\u751f\u7269": 0.00107931751123873,
            "\u5c3f\u8def\u7684\u9ebb\u9189/\u9547\u75db\u5242\uff08\u5076\u6c2e\u67d3\u6599\uff09": 0.00104061242296832,
            "\u9752\u9709\u7d20\u7c7b": 0.00393931078689589,
            "\u5bab\u9888\u764c\u7684\u7b5b\u67e5": 0.00305839923919328,
            "\u5e38\u89c4\u5168\u8eab\u4f53\u68c0\u5728\u533b\u7597\u4fdd\u5065\u8bbe\u65bd": 0.00469710858752293,
            "\u9634\u9053\u708e\u5916\u9634\u9634\u9053\u708e\uff0c\u672a\u6307\u5b9a": 0.00150992204365495,
            "\u53e3\u670d\u907f\u5b55\u836f": 0.0012115517782041,
            "\u5176\u4ed6\u4e0d\u6b63\u5e38\u7684\u8840\u6db2\u5316\u5b66": 0.00245173953311266,
            "\u5e38\u89c4\u5987\u79d1\u68c0\u67e5": 0.00313114675444345,
            "\u75bc\u75db\u5173\u8282\uff0c\u8e1d\u5173\u8282\u53ca\u8db3": 0.00141539383535764
        },
        "PulmonaryDisease": {
            "\u9752\u9709\u7d20\u7c7b": 0.00468305645796214,
            "\u5bab\u9888\u764c\u7684\u7b5b\u67e5": 0.0036556917090027,
            "\u5e38\u89c4\u5987\u79d1\u68c0\u67e5": 0.00139901460497593,
            "\u5e38\u89c4\u5168\u8eab\u4f53\u68c0\u5728\u533b\u7597\u4fdd\u5065\u8bbe\u65bd": 0.00348835587779407,
            "\u6655\u53a5\u548c\u865a\u8131": 0.00223426143079217
        },
        "Hypertension": {
            "\u6655\u53a5\u548c\u865a\u8131": 0.00104173696924345,
            "\u5bab\u9888\u764c\u7684\u7b5b\u67e5": 0.00220163939915406,
            "\u9752\u9709\u7d20\u7c7b": 0.00343237406526923,
            "\u6025\u6027\u6241\u6843\u4f53\u708e": 0.00145384074459047,
            "\u785d\u57fa\u544b\u5583\u884d\u751f\u7269": 0.00140247223639677,
            "\u5e38\u89c4\u5168\u8eab\u4f53\u68c0\u5728\u533b\u7597\u4fdd\u5065\u8bbe\u65bd": 0.00396653010160259,
            "\u53e3\u670d\u907f\u5b55\u836f": 0.00131597753597069,
            "\u5176\u4ed6\u4e0d\u6b63\u5e38\u7684\u8840\u6db2\u5316\u5b66": 0.00181730649018419,
            "\u5e38\u89c4\u5987\u79d1\u68c0\u67e5": 0.00266027012054156
        },
        "Asthma": {
            "\u9752\u9709\u7d20\u7c7b": 0.00417307468686759,
            "\u5176\u4ed6\u4e0d\u6b63\u5e38\u7684\u8840\u6db2\u5316\u5b66": 0.00133719507125949,
            "\u672a\u6307\u5b9a\u7684\u80c3\u708e\u53ca\u80c3\u5341\u4e8c\u6307\u80a0\u708e\uff0c\u672a\u63d0\u53ca\u51fa\u8840": 0.00173004989664116,
            "\u785d\u57fa\u544b\u5583\u884d\u751f\u7269": 0.00184608665486215,
            "\u5c3f\u8def\u7684\u9ebb\u9189/\u9547\u75db\u5242\uff08\u5076\u6c2e\u67d3\u6599\uff09": 0.00160754978580177
        },
        "Obesity": {
            "\u6655\u53a5\u548c\u865a\u8131": 0.00126077467170962,
            "\u5bab\u9888\u764c\u7684\u7b5b\u67e5": 0.00280968030986033,
            "\u5c3f\u8def\u7684\u9ebb\u9189/\u9547\u75db\u5242\uff08\u5076\u6c2e\u67d3\u6599\uff09": 0.00130944936906435,
            "\u9752\u9709\u7d20\u7c7b": 0.00270926558039317,
            "\u819d\u5173\u8282\uff0c\u5c0f\u817f\uff0c\u8e1d\u5173\u8282\u548c\u811a\u53d7\u4f24": 0.00139345463146557,
            "\u5e38\u89c4\u5168\u8eab\u4f53\u68c0\u5728\u533b\u7597\u4fdd\u5065\u8bbe\u65bd": 0.00312337236942332,
            "\u9634\u9053\u708e\u5916\u9634\u9634\u9053\u708e\uff0c\u672a\u6307\u5b9a": 0.00148782006299163,
            "\u53e3\u670d\u907f\u5b55\u836f": 0.00149521767504131,
            "\u785d\u57fa\u544b\u5583\u884d\u751f\u7269": 0.00203755846522136,
            "\u5176\u4ed6\u4e0d\u6b63\u5e38\u7684\u8840\u6db2\u5316\u5b66": 0.00189278565417188,
            "\u5e38\u89c4\u5987\u79d1\u68c0\u67e5": 0.0026894392102113,
            "\u75bc\u75db\u5173\u8282\uff0c\u8e1d\u5173\u8282\u53ca\u8db3": 0.00137729327543094
        },
        "HeartFailure": {
            "\u6655\u53a5\u548c\u865a\u8131": 0.00229630254354053,
            "\u9752\u9709\u7d20\u7c7b": 0.00217421265513665,
            "\u785d\u57fa\u544b\u5583\u884d\u751f\u7269": 0.00115838109893477,
            "\u5e38\u89c4\u5168\u8eab\u4f53\u68c0\u5728\u533b\u7597\u4fdd\u5065\u8bbe\u65bd": 0.00182795368139537,
            "\u5176\u4ed6\u4e0d\u6b63\u5e38\u7684\u8840\u6db2\u5316\u5b66": 0.00115196138372714,
            "\u75bc\u75db\u5173\u8282\uff0c\u8e1d\u5173\u8282\u53ca\u8db3": 0.0013036413191981
        },
        "Diabetes": {
            "\u6655\u53a5\u548c\u865a\u8131": 0.00108735897252748,
            "\u785d\u57fa\u544b\u5583\u884d\u751f\u7269": 0.00110976216005729,
            "\u9752\u9709\u7d20\u7c7b": 0.00299736437653501,
            "\u672a\u6307\u5b9a\u7684\u80c3\u708e\u53ca\u80c3\u5341\u4e8c\u6307\u80a0\u708e\uff0c\u672a\u63d0\u53ca\u51fa\u8840": 0.00118510979055898,
            "\u5bab\u9888\u764c\u7684\u7b5b\u67e5": 0.00212262654854101,
            "\u5e38\u89c4\u5168\u8eab\u4f53\u68c0\u5728\u533b\u7597\u4fdd\u5065\u8bbe\u65bd": 0.0043335684122175,
            "\u5176\u4ed6\u4e0d\u6b63\u5e38\u7684\u8840\u6db2\u5316\u5b66": 0.00359159359825239,
            "\u5e38\u89c4\u5987\u79d1\u68c0\u67e5": 0.00243837943904015
        }
    }
}